validdate,fold1,fold2,fold3,mean,std,error,criterion,model
2023-08-21 21:50:00+00:00,1.073363746249494,0.9707915518713168,1.2900711957736049,1.1114088312981385,0.13309255958382724,3.700945533159038,"Quinten, wind_gusts_10m:kmh_x",combi
2023-08-21 22:00:00+00:00,1.4322264888093614,1.5015057003211645,1.162397145950647,1.3653764450270576,0.14628818402292443,4.406273810801216,"Quinten, wind_gusts_10m:kmh_x",combi
2023-08-21 22:10:00+00:00,1.543403902599883,1.6677308924506709,1.7824085209110265,1.6645144386538602,0.09759973044629487,4.830116849874277,"Quinten, wind_gusts_10m:kmh_x",combi
2023-08-21 22:20:00+00:00,1.6659549247041088,1.9303558718235991,1.6363991276136787,1.7442366413804622,0.13215814325010222,5.1624072027269525,"Quinten, wind_gusts_10m:kmh_x",combi
2023-08-21 22:30:00+00:00,1.7764296102221462,2.2115854864426074,1.9880397201865254,1.9920182722837596,0.17767391631842896,5.429853481512747,"Quinten, wind_gusts_10m:kmh_x",combi
2023-08-21 22:40:00+00:00,1.8404792323642039,2.5387457188716303,2.2196666511807273,2.1996305341388536,0.2854179462174061,5.691022161944196,"Quinten, wind_gusts_10m:kmh_x",combi
2023-08-21 22:50:00+00:00,2.2413000045088216,1.8036766940005926,2.6092780766436285,2.218084925051014,0.32929480395208893,5.912969502293415,"Quinten, wind_gusts_10m:kmh_x",combi
2023-08-21 23:00:00+00:00,2.6746767037962496,2.422504317242924,2.854036649750843,2.6504058902633387,0.1770062951650653,6.100133203523583,"Quinten, wind_gusts_10m:kmh_x",combi
2023-08-21 23:10:00+00:00,2.7732308979899387,2.5470170277898236,3.580255275412726,2.9668344003974965,0.44347646025169996,6.290985114194808,"Quinten, wind_gusts_10m:kmh_x",combi
2023-08-21 23:20:00+00:00,2.849896797371746,2.580133074420984,3.1160584909259583,2.8486961209062294,0.21879228236234882,6.433520355462233,"Quinten, wind_gusts_10m:kmh_x",combi
2023-08-21 23:30:00+00:00,3.4421597192459488,3.0677053747485066,3.729503814533487,3.4131229695093146,0.27095712250207854,6.576739168510777,"Quinten, wind_gusts_10m:kmh_x",combi
2023-08-21 23:40:00+00:00,3.185655740436388,3.4081941118388692,2.905665483986492,3.16650511208725,0.2056028783479183,6.692011210970764,"Quinten, wind_gusts_10m:kmh_x",combi
2023-08-21 23:50:00+00:00,3.479451326777334,3.9626536526364946,3.741941186454624,3.728015388622817,0.19751213939547246,6.81159587849066,"Quinten, wind_gusts_10m:kmh_x",combi
2023-08-22 00:00:00+00:00,3.164237371166996,3.7071624081650008,3.288919460376391,3.3867730799027957,0.23219732569610552,6.943324301087036,"Quinten, wind_gusts_10m:kmh_x",combi
2023-08-22 00:10:00+00:00,3.5062443003054127,3.7703469639902387,3.6218632951723295,3.6328181864893274,0.10809736806595711,7.047456849337322,"Quinten, wind_gusts_10m:kmh_x",combi
2023-08-22 00:20:00+00:00,3.4672857993730064,3.490603871666218,3.6105180692630894,3.522802580100771,0.06275050280333176,7.1194451672074335,"Quinten, wind_gusts_10m:kmh_x",combi
2023-08-22 00:30:00+00:00,3.401334294299967,3.5248547545045392,3.53290394042901,3.4863643297445055,0.06021504543044742,7.249854007708411,"Quinten, wind_gusts_10m:kmh_x",combi
2023-08-22 00:40:00+00:00,3.961859087720464,3.8130770183735456,3.414148349227625,3.7296948184405445,0.23124475736665237,7.261596105212221,"Quinten, wind_gusts_10m:kmh_x",combi
2023-08-21 21:50:00+00:00,2.7393852138756953,2.618752632985132,2.763603998189825,2.7072472816835513,0.06335147730245909,1.9852885931136768,"Quinten, wind_gusts_10m:kmh_y",combi
2023-08-21 22:00:00+00:00,2.673167635753632,2.7522365336420216,2.7495751022418133,2.7249930905458224,0.0366622342253127,2.12462153262421,"Quinten, wind_gusts_10m:kmh_y",combi
2023-08-21 22:10:00+00:00,2.9255773689769162,2.985842105375782,2.989688717517205,2.967036063956634,0.029357754776862838,2.191539902695456,"Quinten, wind_gusts_10m:kmh_y",combi
2023-08-21 22:20:00+00:00,2.9584892432827323,2.673172787481667,2.842937335102193,2.824866455288864,0.11717874525880292,2.242520767031094,"Quinten, wind_gusts_10m:kmh_y",combi
2023-08-21 22:30:00+00:00,3.0509644355648744,3.0753302655557864,2.8754245557077702,3.0005730856094766,0.08905069462654518,2.2843543957253396,"Quinten, wind_gusts_10m:kmh_y",combi
2023-08-21 22:40:00+00:00,3.421682101788118,3.258615492474405,2.6402583584486243,3.1068519842370494,0.33658073671167343,2.3212112003512932,"Quinten, wind_gusts_10m:kmh_y",combi
2023-08-21 22:50:00+00:00,3.2363607114140094,3.160928776479563,2.7994554375478122,3.065581641813795,0.19068274113433073,2.3466395557144746,"Quinten, wind_gusts_10m:kmh_y",combi
2023-08-21 23:00:00+00:00,2.8541342477225804,2.8815795539805857,2.827971594936332,2.8545617988798333,0.02188744568950654,2.3673512931054934,"Quinten, wind_gusts_10m:kmh_y",combi
2023-08-21 23:10:00+00:00,3.194510079946876,3.501463517526969,3.3171526813522214,3.3377087596086885,0.1261533920154971,2.3885746216815007,"Quinten, wind_gusts_10m:kmh_y",combi
2023-08-21 23:20:00+00:00,3.4677821654732206,3.265408912419119,3.2448372380723143,3.3260094386548844,0.1005996288876112,2.4108113775893742,"Quinten, wind_gusts_10m:kmh_y",combi
2023-08-21 23:30:00+00:00,3.0850354674400338,3.3525489596802593,3.1881913782608025,3.208591935127032,0.11016050161160156,2.4195215118844016,"Quinten, wind_gusts_10m:kmh_y",combi
2023-08-21 23:40:00+00:00,3.375874963639043,3.184430363599821,3.4040785821591113,3.321461303132658,0.09757721665889538,2.442502722076487,"Quinten, wind_gusts_10m:kmh_y",combi
2023-08-21 23:50:00+00:00,3.01371263914543,3.3333234379495083,2.7835134430760347,3.0435165067236576,0.22544616579523322,2.4548766449321247,"Quinten, wind_gusts_10m:kmh_y",combi
2023-08-22 00:00:00+00:00,3.386540426853114,3.2965995349817865,2.9178991765494176,3.2003463794614393,0.20306757140136225,2.4684565143915957,"Quinten, wind_gusts_10m:kmh_y",combi
2023-08-22 00:10:00+00:00,3.266081687162823,3.107921243148894,3.3630619327366857,3.245688287682801,0.10515420716768711,2.475784368390521,"Quinten, wind_gusts_10m:kmh_y",combi
2023-08-22 00:20:00+00:00,3.6770194502238978,3.2740945987826366,3.3564046061998525,3.4358395517354623,0.1738189516065966,2.4879497279156726,"Quinten, wind_gusts_10m:kmh_y",combi
2023-08-22 00:30:00+00:00,3.446585640558369,3.4017535782684276,3.4467445695064307,3.4316945961110754,0.02117159617180468,2.5041652651726007,"Quinten, wind_gusts_10m:kmh_y",combi
2023-08-22 00:40:00+00:00,3.1987094191072147,3.465181454998734,3.451133545787479,3.371674806631143,0.12243938609036674,2.5135291285402857,"Quinten, wind_gusts_10m:kmh_y",combi
2023-08-21 21:50:00+00:00,0.580914854669925,0.5515545003754737,0.8266049926079865,0.6530247825511285,0.12332362464564837,3.849467954565767,"Quinten, wind_gusts_10m:kmh_x",dt
2023-08-21 22:00:00+00:00,0.9571075357044484,1.4270266974660182,1.4260362771093267,1.270056836759931,0.22128894234530727,4.7020195149133945,"Quinten, wind_gusts_10m:kmh_x",dt
2023-08-21 22:10:00+00:00,1.570366197883565,1.4004724375282214,1.6262546474815882,1.5323644276311248,0.09601216065199238,5.209504841466335,"Quinten, wind_gusts_10m:kmh_x",dt
2023-08-21 22:20:00+00:00,0.8476041998526191,1.5510507508192677,2.2357890609113698,1.5448146705277521,0.5667412511550736,5.655651309710091,"Quinten, wind_gusts_10m:kmh_x",dt
2023-08-21 22:30:00+00:00,2.1889706870412424,2.2987253824160727,2.313958960710659,2.2672183433893247,0.055677866756848174,5.958649599677379,"Quinten, wind_gusts_10m:kmh_x",dt
2023-08-21 22:40:00+00:00,1.7482326408748485,1.5680004199161568,1.7111769472043297,1.6758033359984452,0.07771478900541598,6.281118158915735,"Quinten, wind_gusts_10m:kmh_x",dt
2023-08-21 22:50:00+00:00,1.421243802529566,1.425225018424648,1.451436222342787,1.4326350144323337,0.013393445764499494,6.500796753721171,"Quinten, wind_gusts_10m:kmh_x",dt
2023-08-21 23:00:00+00:00,2.6009882348725326,2.6012704034146252,2.51546214402591,2.5725735941043557,0.040384057929820485,6.712992803952829,"Quinten, wind_gusts_10m:kmh_x",dt
2023-08-21 23:10:00+00:00,1.9291817776342608,2.1333741194331584,1.8409715195184453,1.9678424721952883,0.1224630749441826,6.891506877213889,"Quinten, wind_gusts_10m:kmh_x",dt
2023-08-21 23:20:00+00:00,2.3091543163575072,2.33773915812502,2.3166183306794212,2.3211706017206493,0.012105526931751544,7.083371573125201,"Quinten, wind_gusts_10m:kmh_x",dt
2023-08-21 23:30:00+00:00,2.242016330920063,2.0683812538808626,2.2152624992445618,2.1752200280151626,0.0763318833394461,7.194528575202725,"Quinten, wind_gusts_10m:kmh_x",dt
2023-08-21 23:40:00+00:00,1.7797728226403,2.306245534347465,1.8773340728860275,1.987784143291264,0.2286814270004821,7.356733138807228,"Quinten, wind_gusts_10m:kmh_x",dt
2023-08-21 23:50:00+00:00,2.0351991422730045,1.6428981932209348,2.0876562491093464,1.9219178615344286,0.19845556764464753,7.445688559181549,"Quinten, wind_gusts_10m:kmh_x",dt
2023-08-22 00:00:00+00:00,2.2711735121924517,2.1683979073597577,2.7488715286984036,2.396147649416871,0.25291804667222595,7.536638244736944,"Quinten, wind_gusts_10m:kmh_x",dt
2023-08-22 00:10:00+00:00,1.574733604510871,2.6515928165017923,2.5963286396251304,2.274218353545931,0.4951247101562357,7.659511342055854,"Quinten, wind_gusts_10m:kmh_x",dt
2023-08-22 00:20:00+00:00,1.6543743110310747,1.733058521425087,1.6528315088417307,1.6800881137659642,0.037461029753857664,7.756385470596903,"Quinten, wind_gusts_10m:kmh_x",dt
2023-08-22 00:30:00+00:00,1.7639028696604893,1.8527414256055559,1.8631297601260215,1.8265913517973555,0.04452986801384308,7.917491289464732,"Quinten, wind_gusts_10m:kmh_x",dt
2023-08-22 00:40:00+00:00,1.8170348394441498,1.6999404635531212,1.608902740139017,1.7086260143787628,0.08519124284083435,7.976428093994432,"Quinten, wind_gusts_10m:kmh_x",dt
2023-08-21 21:50:00+00:00,2.155912628796089,2.3240383784876806,2.2647184170810455,2.2482231414549383,0.06962105771400814,2.0602073994078034,"Quinten, wind_gusts_10m:kmh_y",dt
2023-08-21 22:00:00+00:00,2.25910108819061,2.3467746485496557,2.276583930250498,2.2941532223302548,0.03788731814777118,2.221341950166378,"Quinten, wind_gusts_10m:kmh_y",dt
2023-08-21 22:10:00+00:00,2.340206629931216,2.712891418613125,2.413582796146613,2.4888936148969845,0.16119817512275236,2.3043476727366827,"Quinten, wind_gusts_10m:kmh_y",dt
2023-08-21 22:20:00+00:00,2.330532606487149,2.493563210904508,2.8071509753380584,2.543748930909905,0.19778813960206748,2.3638734061629,"Quinten, wind_gusts_10m:kmh_y",dt
2023-08-21 22:30:00+00:00,2.218863395834366,2.0842626721150017,3.2095787040241635,2.504234923991177,0.5017713454884012,2.4208542610035724,"Quinten, wind_gusts_10m:kmh_y",dt
2023-08-21 22:40:00+00:00,2.0831864283100523,2.088606419654204,2.0934599165499934,2.0884175881714167,0.004196258901348586,2.452760206273862,"Quinten, wind_gusts_10m:kmh_y",dt
2023-08-21 22:50:00+00:00,4.007699715002113,2.125791854870281,2.0407957033921504,2.724762424421515,0.9078370467263525,2.4823794595274173,"Quinten, wind_gusts_10m:kmh_y",dt
2023-08-21 23:00:00+00:00,1.9953943756518742,2.024887333018495,1.9159477112263938,1.978743139965588,0.04600657950381815,2.506187454281449,"Quinten, wind_gusts_10m:kmh_y",dt
2023-08-21 23:10:00+00:00,2.808792364357608,2.5818544062468485,2.7780788697471364,2.7229085467838643,0.10052539516551369,2.490441406672073,"Quinten, wind_gusts_10m:kmh_y",dt
2023-08-21 23:20:00+00:00,2.759007885030828,2.762205079017534,3.4448065715314944,2.988673178526619,0.3225376563782409,2.5464692611869064,"Quinten, wind_gusts_10m:kmh_y",dt
2023-08-21 23:30:00+00:00,3.948469198386555,4.241958757271814,3.502274097294402,3.8975673509842568,0.30411247656440077,2.5559229227985374,"Quinten, wind_gusts_10m:kmh_y",dt
2023-08-21 23:40:00+00:00,3.2450354782055024,2.9555414556059714,2.513884080426252,2.904820338079242,0.30063828259333863,2.5535138595757516,"Quinten, wind_gusts_10m:kmh_y",dt
2023-08-21 23:50:00+00:00,3.070014337665884,2.5970334207566133,3.9126028160650836,3.193216858162527,0.5440985537324513,2.582451766884753,"Quinten, wind_gusts_10m:kmh_y",dt
2023-08-22 00:00:00+00:00,3.776700781581033,2.4060178808961776,4.158925257595784,3.447214640024331,0.7525919239226598,2.6071779286826144,"Quinten, wind_gusts_10m:kmh_y",dt
2023-08-22 00:10:00+00:00,4.204900217335632,4.079476056894978,4.025563536368681,4.103313270199764,0.07512909262801741,2.595278173099303,"Quinten, wind_gusts_10m:kmh_y",dt
2023-08-22 00:20:00+00:00,3.5161150332557107,4.811721458880477,4.715846709026693,4.347894400387627,0.5894577613392724,2.616505639083158,"Quinten, wind_gusts_10m:kmh_y",dt
2023-08-22 00:30:00+00:00,4.676752605607863,3.1359725607509032,5.048954401814635,4.287226522724467,0.8281194793002429,2.6251093908542447,"Quinten, wind_gusts_10m:kmh_y",dt
2023-08-22 00:40:00+00:00,4.072899283156422,3.846053754733637,4.071032958577671,3.9966619988225767,0.10649883624567172,2.619769398944972,"Quinten, wind_gusts_10m:kmh_y",dt
2023-08-21 21:50:00+00:00,0.47663926006419094,0.6364869445797148,0.6185146948737413,0.577213633172549,0.07149430669397333,5.446687565669174,"Quinten, wind_gusts_10m:kmh_x",kNN
2023-08-21 22:00:00+00:00,1.3408543051647785,1.2736184366829446,1.3100017773173984,1.3081581730550405,0.027479867298730483,5.672354209423978,"Quinten, wind_gusts_10m:kmh_x",kNN
2023-08-21 22:10:00+00:00,1.0780393457717565,1.1304578540002417,1.107062824943802,1.1051866749052668,0.02144084817119359,5.960341263445126,"Quinten, wind_gusts_10m:kmh_x",kNN
2023-08-21 22:20:00+00:00,1.3424001078007972,1.47795780165679,1.4616506566111298,1.4273361886895721,0.060426727653930666,6.133528948632095,"Quinten, wind_gusts_10m:kmh_x",kNN
2023-08-21 22:30:00+00:00,1.3010901397959909,1.2695655654630071,1.080863517701709,1.2171730743202358,0.09724083886883965,6.265286779078782,"Quinten, wind_gusts_10m:kmh_x",kNN
2023-08-21 22:40:00+00:00,1.6273310417422782,1.812701981340034,1.4205857156361126,1.6202062462394748,0.16016005221988547,6.348983149110846,"Quinten, wind_gusts_10m:kmh_x",kNN
2023-08-21 22:50:00+00:00,2.4779685435303067,2.519807976921165,2.4916349390705625,2.496470486507345,0.01741974810145169,6.496450079643233,"Quinten, wind_gusts_10m:kmh_x",kNN
2023-08-21 23:00:00+00:00,2.4338773013534407,2.26248585259785,2.352028283284572,2.3494638124119542,0.06999375953029648,6.624418937728446,"Quinten, wind_gusts_10m:kmh_x",kNN
2023-08-21 23:10:00+00:00,2.0171207444041057,2.195038031061273,1.901818173304885,2.0379923162567546,0.1206128465500789,6.72890548907998,"Quinten, wind_gusts_10m:kmh_x",kNN
2023-08-21 23:20:00+00:00,2.0659439468368745,1.843967173907357,2.0518313795897227,1.9872475001113183,0.10147817514589515,6.821111380983105,"Quinten, wind_gusts_10m:kmh_x",kNN
2023-08-21 23:30:00+00:00,2.1239407132520047,2.0456623223520625,2.1786347412423384,2.116079258948802,0.05456963682124435,6.956364549488644,"Quinten, wind_gusts_10m:kmh_x",kNN
2023-08-21 23:40:00+00:00,2.448806234042731,2.662737128617109,2.710772597601223,2.607438653420354,0.1138713745952851,7.011854651471386,"Quinten, wind_gusts_10m:kmh_x",kNN
2023-08-21 23:50:00+00:00,2.1154322683380586,2.3702291612480164,2.282997401127156,2.256219610237744,0.10572969221188512,7.15028454750296,"Quinten, wind_gusts_10m:kmh_x",kNN
2023-08-22 00:00:00+00:00,1.6101477369351946,1.5354976645262435,1.660075726339493,1.6019070426003104,0.05119150420155801,7.18638069392659,"Quinten, wind_gusts_10m:kmh_x",kNN
2023-08-22 00:10:00+00:00,1.6819520207033036,1.7719844761180943,1.8297769366372352,1.7612378111528777,0.060825814413643174,7.280381642699879,"Quinten, wind_gusts_10m:kmh_x",kNN
2023-08-22 00:20:00+00:00,2.5184380103754815,2.7160987060484514,2.5131259540717266,2.582554223498553,0.09445510785617903,7.391850035392781,"Quinten, wind_gusts_10m:kmh_x",kNN
2023-08-22 00:30:00+00:00,1.7669367248753067,1.669464564596565,1.815730767064507,1.7507106855121262,0.060805228728895114,7.5220052987677954,"Quinten, wind_gusts_10m:kmh_x",kNN
2023-08-22 00:40:00+00:00,2.189920620522626,2.1890298003235586,2.194251117077111,2.191067179307765,0.002280567903844234,7.5819874665200615,"Quinten, wind_gusts_10m:kmh_x",kNN
2023-08-21 21:50:00+00:00,2.8253724313823354,2.854264990834948,2.7905199626837525,2.823385794967012,0.02606168575622325,2.0988528757603073,"Quinten, wind_gusts_10m:kmh_y",kNN
2023-08-21 22:00:00+00:00,2.8313694872434447,2.843750622593822,2.897729688000817,2.857616599279361,0.028811086329428085,2.2358900323745643,"Quinten, wind_gusts_10m:kmh_y",kNN
2023-08-21 22:10:00+00:00,3.0962224133490324,2.9499958118798206,2.9697243737489827,3.0053141996592783,0.06478441955466759,2.289113808071138,"Quinten, wind_gusts_10m:kmh_y",kNN
2023-08-21 22:20:00+00:00,2.337854707902262,2.3492601530583697,2.3645153657787827,2.350543408913138,0.010921926838362742,2.323727364721202,"Quinten, wind_gusts_10m:kmh_y",kNN
2023-08-21 22:30:00+00:00,2.5238975128912564,2.445909225549131,2.4124108542668607,2.4607391975690827,0.04670663632641903,2.341488390699649,"Quinten, wind_gusts_10m:kmh_y",kNN
2023-08-21 22:40:00+00:00,2.77374284453183,2.7283846695725105,2.599622646518274,2.700583386874205,0.07375248844987456,2.3620718922202464,"Quinten, wind_gusts_10m:kmh_y",kNN
2023-08-21 22:50:00+00:00,2.5685741821596877,2.480974762648611,2.466848480736081,2.5054658085147934,0.04499546701795472,2.3806335349722776,"Quinten, wind_gusts_10m:kmh_y",kNN
2023-08-21 23:00:00+00:00,2.6874125319318227,2.6195078091460107,2.6276831431406054,2.644867828072813,0.030268221964285982,2.4116169783428787,"Quinten, wind_gusts_10m:kmh_y",kNN
2023-08-21 23:10:00+00:00,2.393569978449839,2.3381490747660285,2.316015473781953,2.3492448423326064,0.03261913898300554,2.42541104113878,"Quinten, wind_gusts_10m:kmh_y",kNN
2023-08-21 23:20:00+00:00,2.8229379696785375,2.850447925504266,2.781761564932062,2.818382486704955,0.028225500893171742,2.446735749624264,"Quinten, wind_gusts_10m:kmh_y",kNN
2023-08-21 23:30:00+00:00,2.8760646903264413,2.8683587077456414,2.8457517821439837,2.863391726738689,0.012863936045189713,2.4782875930683548,"Quinten, wind_gusts_10m:kmh_y",kNN
2023-08-21 23:40:00+00:00,2.836570563619261,2.7539139772650887,2.7750667129836413,2.7885170846226637,0.03505911379229898,2.4946890730367426,"Quinten, wind_gusts_10m:kmh_y",kNN
2023-08-21 23:50:00+00:00,2.765551385302824,2.6754633925463236,2.772213781093229,2.737742852980792,0.04412214314395447,2.517988376394417,"Quinten, wind_gusts_10m:kmh_y",kNN
2023-08-22 00:00:00+00:00,2.735360269152657,2.7096420334635645,2.7118333627146525,2.718945221776958,0.011641615472991767,2.5277604187084237,"Quinten, wind_gusts_10m:kmh_y",kNN
2023-08-22 00:10:00+00:00,2.584036633471862,2.5705907154849363,2.5701678681723084,2.5749317390430355,0.0064404465105303505,2.552630810245127,"Quinten, wind_gusts_10m:kmh_y",kNN
2023-08-22 00:20:00+00:00,2.6328805150226753,2.6009144429390396,2.6003215395223487,2.6113721658280213,0.015210625615552741,2.561640100879051,"Quinten, wind_gusts_10m:kmh_y",kNN
2023-08-22 00:30:00+00:00,2.8661162566748986,2.8380343473894247,3.00786846119153,2.9040063550852846,0.07433102188139289,2.5907543453573667,"Quinten, wind_gusts_10m:kmh_y",kNN
2023-08-22 00:40:00+00:00,3.108724112959387,3.0825571283683986,3.1333167054893485,3.1081993156057117,0.020725832939775656,2.590973215886979,"Quinten, wind_gusts_10m:kmh_y",kNN
2023-08-21 21:50:00+00:00,1.4425190028188832,1.4955251634725668,1.3972903072375384,1.4451114911763294,0.04014608732941724,3.671058428693113,"Quinten, wind_gusts_10m:kmh_x",lin_lasso
2023-08-21 22:00:00+00:00,2.163382556607945,2.2032574169709758,2.2682266352139058,2.211622202930942,0.04320916135728826,4.4759390796737515,"Quinten, wind_gusts_10m:kmh_x",lin_lasso
2023-08-21 22:10:00+00:00,2.9927937506468587,3.0196880997110074,3.0090475660449068,3.0071764721342578,0.011059000775022424,4.994096972670568,"Quinten, wind_gusts_10m:kmh_x",lin_lasso
2023-08-21 22:20:00+00:00,3.633639872619465,3.6011185851347247,3.6399400003119697,3.6248994860220534,0.01701119900722603,5.387658669124456,"Quinten, wind_gusts_10m:kmh_x",lin_lasso
2023-08-21 22:30:00+00:00,4.139575883510324,4.078802321015001,4.064623647140617,4.094333950555314,0.032510337549137305,5.745132723764268,"Quinten, wind_gusts_10m:kmh_x",lin_lasso
2023-08-21 22:40:00+00:00,4.736795161994616,4.643044389307414,4.591807958343435,4.657215836548488,0.060033017267318065,6.0643604501183335,"Quinten, wind_gusts_10m:kmh_x",lin_lasso
2023-08-21 22:50:00+00:00,5.427141433026502,5.421921025199001,5.302218771448823,5.383760409891441,0.057698019979900504,6.355992363502639,"Quinten, wind_gusts_10m:kmh_x",lin_lasso
2023-08-21 23:00:00+00:00,5.9510446693464605,6.039522180886027,5.918477660780141,5.969681503670876,0.051143214976135644,6.600755947547072,"Quinten, wind_gusts_10m:kmh_x",lin_lasso
2023-08-21 23:10:00+00:00,6.6012781023804985,6.527933825522757,6.603128311932279,6.577446746611845,0.03501906942345426,6.822523816053881,"Quinten, wind_gusts_10m:kmh_x",lin_lasso
2023-08-21 23:20:00+00:00,7.01293877995432,7.010194045909888,7.060033313276974,7.0277220463803936,0.022874977123342875,7.020493498085659,"Quinten, wind_gusts_10m:kmh_x",lin_lasso
2023-08-21 23:30:00+00:00,7.516526151908906,7.61677866723962,7.464551431724929,7.532618750291152,0.06317969927189435,7.200893670738499,"Quinten, wind_gusts_10m:kmh_x",lin_lasso
2023-08-21 23:40:00+00:00,8.117943256248424,7.994777813361012,8.071595390013805,8.061438819874413,0.05079237815630955,7.369704223987636,"Quinten, wind_gusts_10m:kmh_x",lin_lasso
2023-08-21 23:50:00+00:00,8.518061604579998,8.529984321253957,8.4782677140891,8.508771213307684,0.022111616730511548,7.532735073928685,"Quinten, wind_gusts_10m:kmh_x",lin_lasso
2023-08-22 00:00:00+00:00,8.98453615580253,9.02917064712133,9.072567392480481,9.028758065134781,0.03593978599160986,7.69106410917383,"Quinten, wind_gusts_10m:kmh_x",lin_lasso
2023-08-22 00:10:00+00:00,9.311321425288396,9.30592714749264,9.311662376784266,9.309636983188435,0.0026269402541070097,7.836090841664674,"Quinten, wind_gusts_10m:kmh_x",lin_lasso
2023-08-22 00:20:00+00:00,9.48407658963979,9.516593260223988,9.657151524968347,9.552607124944041,0.0751065116963982,7.970874563678508,"Quinten, wind_gusts_10m:kmh_x",lin_lasso
2023-08-22 00:30:00+00:00,9.81184719012663,9.644542180054396,9.887046698787405,9.78114535632281,0.10135436958404923,8.083215459237929,"Quinten, wind_gusts_10m:kmh_x",lin_lasso
2023-08-22 00:40:00+00:00,9.947873964806428,10.028328090067134,10.009677344562908,9.99529313314549,0.03438406337672618,8.182091955898429,"Quinten, wind_gusts_10m:kmh_x",lin_lasso
2023-08-21 21:50:00+00:00,2.661675006855069,2.6792210166464474,2.6960684440133185,2.678988155838278,0.01404202734666179,2.037143143294698,"Quinten, wind_gusts_10m:kmh_y",lin_lasso
2023-08-21 22:00:00+00:00,3.110983336533725,3.10875072459295,3.0902818869731115,3.1033386493665955,0.00927740704325828,2.1979296025358095,"Quinten, wind_gusts_10m:kmh_y",lin_lasso
2023-08-21 22:10:00+00:00,3.279385735421805,3.3058370276178333,3.3201251726717986,3.3017826452371453,0.016877084053595073,2.2822153934249805,"Quinten, wind_gusts_10m:kmh_y",lin_lasso
2023-08-21 22:20:00+00:00,3.404926813601971,3.421016531926414,3.43214738955414,3.419363578360842,0.011174051202358917,2.344398861700595,"Quinten, wind_gusts_10m:kmh_y",lin_lasso
2023-08-21 22:30:00+00:00,3.503228131577002,3.5496742212313706,3.48747853358186,3.5134602954634104,0.026402004644819656,2.3985398982052524,"Quinten, wind_gusts_10m:kmh_y",lin_lasso
2023-08-21 22:40:00+00:00,3.527984306374644,3.4929964061023844,3.5416194409860107,3.520866717821013,0.020478361432459517,2.441943762372553,"Quinten, wind_gusts_10m:kmh_y",lin_lasso
2023-08-21 22:50:00+00:00,3.554830973904591,3.527740696732142,3.549670528732325,3.5440807331230193,0.011744648158072987,2.4811960398921133,"Quinten, wind_gusts_10m:kmh_y",lin_lasso
2023-08-21 23:00:00+00:00,3.608157772379988,3.625317835345356,3.6192495858943725,3.617575064539906,0.007104925829721901,2.5153942781529963,"Quinten, wind_gusts_10m:kmh_y",lin_lasso
2023-08-21 23:10:00+00:00,3.6634625823571154,3.6561779713708504,3.659400138331877,3.6596802306866145,0.002980517639682731,2.5488939569002347,"Quinten, wind_gusts_10m:kmh_y",lin_lasso
2023-08-21 23:20:00+00:00,3.735128055525422,3.733107237076308,3.7078817917522993,3.725372361451343,0.012395185842331471,2.580771286063418,"Quinten, wind_gusts_10m:kmh_y",lin_lasso
2023-08-21 23:30:00+00:00,3.7553059980492716,3.7144615988392777,3.735349049934515,3.7350388822743548,0.01667609845836036,2.6037472436064135,"Quinten, wind_gusts_10m:kmh_y",lin_lasso
2023-08-21 23:40:00+00:00,3.7073887527842038,3.6958245208274936,3.673726539706175,3.6923132711059576,0.013965023052442864,2.6226865030201973,"Quinten, wind_gusts_10m:kmh_y",lin_lasso
2023-08-21 23:50:00+00:00,3.6883424611551017,3.6842485100676017,3.697535923225865,3.6900422981495224,0.005556133035682185,2.6434733261926104,"Quinten, wind_gusts_10m:kmh_y",lin_lasso
2023-08-22 00:00:00+00:00,3.6560669939264767,3.6783973183932592,3.607812330431724,3.6474255475838198,0.029456929887009483,2.664147523266724,"Quinten, wind_gusts_10m:kmh_y",lin_lasso
2023-08-22 00:10:00+00:00,3.56268847265427,3.6173969741465277,3.597622350571483,3.5925692657907597,0.02261865429585307,2.6830060297787846,"Quinten, wind_gusts_10m:kmh_y",lin_lasso
2023-08-22 00:20:00+00:00,3.5887416434310464,3.5615829607490928,3.587437427473224,3.579254010551121,0.012506658110662023,2.6989217955253655,"Quinten, wind_gusts_10m:kmh_y",lin_lasso
2023-08-22 00:30:00+00:00,3.5620294004929014,3.5594550034229457,3.585500704883851,3.568995036266566,0.011718495422370221,2.7121570342666126,"Quinten, wind_gusts_10m:kmh_y",lin_lasso
2023-08-22 00:40:00+00:00,3.5773586010568263,3.5705152337457653,3.5801537412403803,3.576009192014324,0.004048941034717423,2.722811296696436,"Quinten, wind_gusts_10m:kmh_y",lin_lasso
2023-08-21 21:50:00+00:00,1.5964260852526717,1.744496957552188,1.6801127532959537,1.6736785987002711,0.06062064865432006,3.6825156323624646,"Quinten, wind_gusts_10m:kmh_x",lin_ridge
2023-08-21 22:00:00+00:00,2.3882509825366207,2.3879798609145517,2.146023424752691,2.307418089401288,0.114123315495442,4.482314045416763,"Quinten, wind_gusts_10m:kmh_x",lin_ridge
2023-08-21 22:10:00+00:00,3.074817879290874,2.9143533498317487,2.822063962682785,2.937078397268469,0.10443006088904054,4.983639617364083,"Quinten, wind_gusts_10m:kmh_x",lin_ridge
2023-08-21 22:20:00+00:00,3.3547321989542245,3.4777961788762766,3.693606988003107,3.5087117886112025,0.14006156231503541,5.360045935459225,"Quinten, wind_gusts_10m:kmh_x",lin_ridge
2023-08-21 22:30:00+00:00,4.096586933045087,3.834308992592932,4.195669420482281,4.042188448706766,0.15245706725681424,5.704580943720424,"Quinten, wind_gusts_10m:kmh_x",lin_ridge
2023-08-21 22:40:00+00:00,4.476119587240537,4.510940678457479,4.605017329955288,4.530692531884434,0.054444214902898566,6.02641060385925,"Quinten, wind_gusts_10m:kmh_x",lin_ridge
2023-08-21 22:50:00+00:00,5.241096072661444,5.339232057456717,5.113281873121351,5.231203334413171,0.09250863438199729,6.313495061967565,"Quinten, wind_gusts_10m:kmh_x",lin_ridge
2023-08-21 23:00:00+00:00,5.7071096330172715,5.986470362809507,5.863843000483782,5.85247433210352,0.11433150427030987,6.5569155731193405,"Quinten, wind_gusts_10m:kmh_x",lin_ridge
2023-08-21 23:10:00+00:00,6.557376256554246,6.493281215071253,6.64434915003995,6.565002207221816,0.06190851630491996,6.780028573425253,"Quinten, wind_gusts_10m:kmh_x",lin_ridge
2023-08-21 23:20:00+00:00,7.289314771845466,7.306012282567597,7.175522304177717,7.256949786196927,0.057980041606691186,6.9684364137729204,"Quinten, wind_gusts_10m:kmh_x",lin_ridge
2023-08-21 23:30:00+00:00,7.757248390162306,7.808587279697383,7.9851275344220305,7.850321068093906,0.09759954889779791,7.158321222584205,"Quinten, wind_gusts_10m:kmh_x",lin_ridge
2023-08-21 23:40:00+00:00,8.518756972488708,8.609038909343424,8.630832694828854,8.586209525553661,0.04851891354706634,7.3334890262232095,"Quinten, wind_gusts_10m:kmh_x",lin_ridge
2023-08-21 23:50:00+00:00,9.005322104213663,9.198197093557463,9.45161397355251,9.218377723774545,0.1827558508620349,7.492065926695503,"Quinten, wind_gusts_10m:kmh_x",lin_ridge
2023-08-22 00:00:00+00:00,9.731279371402577,9.694428453356098,9.450472072453914,9.625393299070863,0.12459955639594791,7.645547801916486,"Quinten, wind_gusts_10m:kmh_x",lin_ridge
2023-08-22 00:10:00+00:00,10.185329687884536,10.21809228556609,10.502647908881276,10.302023294110635,0.14249216116594413,7.80116931485938,"Quinten, wind_gusts_10m:kmh_x",lin_ridge
2023-08-22 00:20:00+00:00,10.474693890949368,10.543996115743996,10.529748336463534,10.516146114385633,0.02988271433971702,7.940554296711224,"Quinten, wind_gusts_10m:kmh_x",lin_ridge
2023-08-22 00:30:00+00:00,10.867667317528861,10.560228320359062,10.745779294184366,10.724558310690762,0.1264052526612184,8.066714234868654,"Quinten, wind_gusts_10m:kmh_x",lin_ridge
2023-08-22 00:40:00+00:00,10.810056120169335,10.534167368156735,10.828745414114195,10.72432296748009,0.13467661611568424,8.158487241208515,"Quinten, wind_gusts_10m:kmh_x",lin_ridge
2023-08-21 21:50:00+00:00,3.3061363180841314,3.2668569728396113,3.3350086857141195,3.302667325545954,0.027930740816703475,2.010749157795161,"Quinten, wind_gusts_10m:kmh_y",lin_ridge
2023-08-21 22:00:00+00:00,3.617888120093154,3.5154385512263007,3.5684753229299044,3.5672673314164527,0.041833582784436496,2.169291178312305,"Quinten, wind_gusts_10m:kmh_y",lin_ridge
2023-08-21 22:10:00+00:00,3.559923318688968,3.654047816748211,3.5961249554601507,3.603365363632443,0.03876573157314902,2.247669955069934,"Quinten, wind_gusts_10m:kmh_y",lin_ridge
2023-08-21 22:20:00+00:00,3.738606759814604,3.796140865836237,3.745910137507043,3.760219254385961,0.025574811283996406,2.3143616496197725,"Quinten, wind_gusts_10m:kmh_y",lin_ridge
2023-08-21 22:30:00+00:00,3.967410640525015,3.9266860615748875,3.8796637471047,3.9245868164015345,0.035853260650903176,2.364467226630581,"Quinten, wind_gusts_10m:kmh_y",lin_ridge
2023-08-21 22:40:00+00:00,4.003939568925297,4.036686448793071,3.9866288389955873,4.009084952237985,0.020757284692931987,2.407944793740182,"Quinten, wind_gusts_10m:kmh_y",lin_ridge
2023-08-21 22:50:00+00:00,4.214760457458161,4.16771307366972,4.073780003601662,4.152084511576515,0.05860637654284155,2.4413597800525646,"Quinten, wind_gusts_10m:kmh_y",lin_ridge
2023-08-21 23:00:00+00:00,4.266788936863233,4.248599419254275,4.28455522623556,4.2666478607843565,0.014679235692271286,2.4744468062464144,"Quinten, wind_gusts_10m:kmh_y",lin_ridge
2023-08-21 23:10:00+00:00,4.272428348731749,4.297078397983919,4.306069123344109,4.291858623353259,0.014221110236219563,2.506746096320495,"Quinten, wind_gusts_10m:kmh_y",lin_ridge
2023-08-21 23:20:00+00:00,4.223247559498631,4.226842215638882,4.21042054734647,4.220170107494661,0.007048443350795268,2.53536066408714,"Quinten, wind_gusts_10m:kmh_y",lin_ridge
2023-08-21 23:30:00+00:00,4.095532380457025,4.044054309386373,4.039545211040233,4.059710633627877,0.0253966028094638,2.5573199117574723,"Quinten, wind_gusts_10m:kmh_y",lin_ridge
2023-08-21 23:40:00+00:00,3.863264283024271,3.8521504144974497,3.8126353860331132,3.8426833611849447,0.021726176630226163,2.5762799592016865,"Quinten, wind_gusts_10m:kmh_y",lin_ridge
2023-08-21 23:50:00+00:00,3.7660722225913035,3.706829563005135,3.7485903288924374,3.7404973714962915,0.02485350610105185,2.59875828927351,"Quinten, wind_gusts_10m:kmh_y",lin_ridge
2023-08-22 00:00:00+00:00,3.7707172881711646,3.7594816968395963,3.6370164241746457,3.7224051363951354,0.06055291767893451,2.612588388072059,"Quinten, wind_gusts_10m:kmh_y",lin_ridge
2023-08-22 00:10:00+00:00,3.642021440311491,3.699898025545799,3.7094727355778416,3.6837974004783773,0.029797560346985576,2.6253887173247588,"Quinten, wind_gusts_10m:kmh_y",lin_ridge
2023-08-22 00:20:00+00:00,3.632069545713636,3.589023798087094,3.573950826697496,3.598348056832742,0.02462590405631303,2.639673467376625,"Quinten, wind_gusts_10m:kmh_y",lin_ridge
2023-08-22 00:30:00+00:00,3.552718413796583,3.4867958687489673,3.532936967762575,3.524150416769375,0.027620621464837947,2.6485771153056294,"Quinten, wind_gusts_10m:kmh_y",lin_ridge
2023-08-22 00:40:00+00:00,3.417047072206755,3.4189047098174945,3.5010780410097064,3.445676607677985,0.039182069162480127,2.6582983192568537,"Quinten, wind_gusts_10m:kmh_y",lin_ridge
2023-08-21 21:50:00+00:00,2.148529587457699,2.244049695671009,2.3619680869418005,2.2515157900235026,0.08729568599179255,3.6845919038234674,"Quinten, wind_gusts_10m:kmh_x",mlp
2023-08-21 22:00:00+00:00,0.44612733645745806,1.5054435253880383,1.7719906769525835,1.24118717959936,0.5726266739825128,4.448413502267965,"Quinten, wind_gusts_10m:kmh_x",mlp
2023-08-21 22:10:00+00:00,1.082757982170754,1.8582637449087887,2.1979669729346285,1.7129962333380568,0.46672601577985723,4.862243128001372,"Quinten, wind_gusts_10m:kmh_x",mlp
2023-08-21 22:20:00+00:00,-1.733033893337133,0.7723123640295524,0.3616001520025698,-0.19970712576833693,1.0971142032271917,5.274292510908573,"Quinten, wind_gusts_10m:kmh_x",mlp
2023-08-21 22:30:00+00:00,-0.1251760179465915,0.9857465699787735,1.6796899360752997,0.8467534960358272,0.7433593047555221,5.52718989260402,"Quinten, wind_gusts_10m:kmh_x",mlp
2023-08-21 22:40:00+00:00,-0.8433560742669883,0.4110007559326314,1.8323238237505246,0.4666561684720559,1.0930504327713497,5.867060414869158,"Quinten, wind_gusts_10m:kmh_x",mlp
2023-08-21 22:50:00+00:00,2.1249194363862722,0.9133025450164443,0.01572169922488431,1.017981226875867,0.8642518897630673,6.06144974728895,"Quinten, wind_gusts_10m:kmh_x",mlp
2023-08-21 23:00:00+00:00,3.2047274404767583,0.20296834364355876,0.8836444492722567,1.4304467444641913,1.285012057369007,6.260546061350596,"Quinten, wind_gusts_10m:kmh_x",mlp
2023-08-21 23:10:00+00:00,-0.7425485941371444,0.018445120431909656,-0.5219730103909538,-0.4153588280320628,0.3196902629248534,6.468372204101716,"Quinten, wind_gusts_10m:kmh_x",mlp
2023-08-21 23:20:00+00:00,2.1772725298424667,3.026445951834515,0.8715295055076635,2.0250826623948814,0.8862984973012843,6.675097898671049,"Quinten, wind_gusts_10m:kmh_x",mlp
2023-08-21 23:30:00+00:00,0.27112485523831964,-0.8820072328107402,2.3274574791203784,0.5721917005159859,1.3274403610650736,6.884253988239746,"Quinten, wind_gusts_10m:kmh_x",mlp
2023-08-21 23:40:00+00:00,-1.3844740974405572,0.3675537376551258,2.4347103760508806,0.47259667208848305,1.560943736802685,6.852127951840573,"Quinten, wind_gusts_10m:kmh_x",mlp
2023-08-21 23:50:00+00:00,2.0863334453890987,1.6139483322592625,0.6520773957930283,1.4507863911471297,0.5967908445574216,7.040492049868181,"Quinten, wind_gusts_10m:kmh_x",mlp
2023-08-22 00:00:00+00:00,2.1071883638908813,0.16406729282742116,-0.45954845467879935,0.6039024006798344,1.0930464050914335,7.100542638445059,"Quinten, wind_gusts_10m:kmh_x",mlp
2023-08-22 00:10:00+00:00,3.4272560672044214,2.004501309389635,1.0781718631883297,2.1699764132607955,0.9661213370622268,7.281053483538476,"Quinten, wind_gusts_10m:kmh_x",mlp
2023-08-22 00:20:00+00:00,1.1842250171536968,0.2682068300027399,0.5345000292080442,0.662310625454827,0.3847284680416826,7.32421636301974,"Quinten, wind_gusts_10m:kmh_x",mlp
2023-08-22 00:30:00+00:00,3.18031954855379,0.06152029728583053,1.1934362180108322,1.4784253546168173,1.2890930399354332,7.3598483651597375,"Quinten, wind_gusts_10m:kmh_x",mlp
2023-08-22 00:40:00+00:00,0.46763479635899546,1.6769789580485903,0.7822974460262629,0.9756370668112829,0.5122912466407813,7.453324876899683,"Quinten, wind_gusts_10m:kmh_x",mlp
2023-08-21 21:50:00+00:00,2.644166626820562,2.8198869424513946,2.887413640245695,2.7838224031725503,0.10252728297095103,1.9990510720362575,"Quinten, wind_gusts_10m:kmh_y",mlp
2023-08-21 22:00:00+00:00,2.729424572288535,2.344687964071725,2.8197335003910133,2.631282012250425,0.20597902314288488,2.1434300859441886,"Quinten, wind_gusts_10m:kmh_y",mlp
2023-08-21 22:10:00+00:00,2.933972610277338,2.2517356643942694,3.331474940885677,2.8390610718524285,0.44588143146968595,2.2156966707644066,"Quinten, wind_gusts_10m:kmh_y",mlp
2023-08-21 22:20:00+00:00,2.4401092828228412,3.2224142130394795,3.123774644474558,2.9287660467789594,0.3478711599061906,2.2883298849029874,"Quinten, wind_gusts_10m:kmh_y",mlp
2023-08-21 22:30:00+00:00,3.0713196841408146,3.402760859633901,2.111836255550333,2.8619722664416827,0.5474129089514607,2.3107967662631106,"Quinten, wind_gusts_10m:kmh_y",mlp
2023-08-21 22:40:00+00:00,3.1285955832611507,2.7785580359490174,2.6174780078219633,2.8415438756773774,0.21336308019496303,2.3349117886710182,"Quinten, wind_gusts_10m:kmh_y",mlp
2023-08-21 22:50:00+00:00,3.8118649951756947,3.1101214801858563,3.032963721426367,3.3183167322626397,0.3504099939618995,2.37198941602707,"Quinten, wind_gusts_10m:kmh_y",mlp
2023-08-21 23:00:00+00:00,3.067930659341113,2.8696722103191634,2.7829584992288976,2.9068537896297246,0.11927317493825167,2.3898695809454797,"Quinten, wind_gusts_10m:kmh_y",mlp
2023-08-21 23:10:00+00:00,3.632107205299288,2.8539543965512397,3.6525425778772345,3.379534726575921,0.37173504327207696,2.422012634597705,"Quinten, wind_gusts_10m:kmh_y",mlp
2023-08-21 23:20:00+00:00,2.634570342910769,2.4764664433798043,3.5274731345876527,2.8795033069594087,0.46270788762036935,2.4443146467719714,"Quinten, wind_gusts_10m:kmh_y",mlp
2023-08-21 23:30:00+00:00,2.9642345690505127,3.5943732639246218,3.324000975287629,3.2942029360875877,0.25811449145619697,2.460471839472959,"Quinten, wind_gusts_10m:kmh_y",mlp
2023-08-21 23:40:00+00:00,2.8371769083932725,3.0315089437890506,2.5389924265357102,2.8025594262393447,0.20255354435284204,2.4588932449627574,"Quinten, wind_gusts_10m:kmh_y",mlp
2023-08-21 23:50:00+00:00,3.0854303405389754,2.874874451266646,2.0893765163903106,2.6832271027319776,0.4286236381726758,2.484502692004437,"Quinten, wind_gusts_10m:kmh_y",mlp
2023-08-22 00:00:00+00:00,3.579644990101753,3.773172375460771,2.696679885149413,3.349832416903979,0.4685576339676363,2.5019017268665285,"Quinten, wind_gusts_10m:kmh_y",mlp
2023-08-22 00:10:00+00:00,3.5432111852062134,3.6637279762390422,3.3595094352657395,3.5221495322369982,0.12508643701411168,2.5141612024783933,"Quinten, wind_gusts_10m:kmh_y",mlp
2023-08-22 00:20:00+00:00,3.2228316341251086,2.5744631592487717,2.803918869930832,2.8670712211015705,0.2684356960827689,2.533679666137397,"Quinten, wind_gusts_10m:kmh_y",mlp
2023-08-22 00:30:00+00:00,4.417568926146755,3.1089693721684992,3.8429311974326135,3.7898231652492895,0.5355517687269279,2.5259706187600357,"Quinten, wind_gusts_10m:kmh_y",mlp
2023-08-22 00:40:00+00:00,2.7810664028218954,3.7164823537835074,3.9099620485860833,3.469170268397162,0.492932581894619,2.5328589245008777,"Quinten, wind_gusts_10m:kmh_y",mlp
2023-08-21 21:50:00+00:00,1.4732819965045694,0.9321056598053843,0.7944345571624472,1.0666074044908003,0.2930034140505359,3.6817351584353624,"Quinten, wind_gusts_10m:kmh_x",mlp_opt
2023-08-21 22:00:00+00:00,1.1927646440883126,0.16275759380951038,-0.8240081347075545,0.17717136773008946,0.823407120033169,4.4665757807722315,"Quinten, wind_gusts_10m:kmh_x",mlp_opt
2023-08-21 22:10:00+00:00,-0.2803114127118697,-0.7679864153280819,-1.0028070513293827,-0.6837016264564447,0.3009185174114795,4.882614613477355,"Quinten, wind_gusts_10m:kmh_x",mlp_opt
2023-08-21 22:20:00+00:00,-0.09775599960959243,-0.09667447646827812,0.800840280562395,0.20213660149484147,0.4233476616366619,5.33392461449547,"Quinten, wind_gusts_10m:kmh_x",mlp_opt
2023-08-21 22:30:00+00:00,-1.6435253965714747,-0.6856345246940114,-2.7610518478720487,-1.696737256379178,0.8481206254045937,5.702152074998772,"Quinten, wind_gusts_10m:kmh_x",mlp_opt
2023-08-21 22:40:00+00:00,-1.4830093057417564,1.045700564930843,-1.0758141702339032,-0.5043743036816055,1.1086030378583789,5.9248239808042,"Quinten, wind_gusts_10m:kmh_x",mlp_opt
2023-08-21 22:50:00+00:00,-0.48508517154392167,-0.04200717934832787,-2.964295940159001,-1.1637960970170835,1.2859313850688334,6.1899248871530546,"Quinten, wind_gusts_10m:kmh_x",mlp_opt
2023-08-21 23:00:00+00:00,2.781491169392359,0.7721942925928202,1.0294472115566669,1.5277108911806154,0.8927554743987454,6.436842699657929,"Quinten, wind_gusts_10m:kmh_x",mlp_opt
2023-08-21 23:10:00+00:00,3.5322104016363753,-2.4774120114306757,-1.3591529772617297,-0.10145152901867667,2.60962961440814,6.669248011971658,"Quinten, wind_gusts_10m:kmh_x",mlp_opt
2023-08-21 23:20:00+00:00,-0.7923625043668492,1.5556502933015286,0.7226929043247874,0.4953268977531556,0.9719610761108591,6.783441042787662,"Quinten, wind_gusts_10m:kmh_x",mlp_opt
2023-08-21 23:30:00+00:00,-0.6100430444994263,3.377951955890067,2.4878131741846046,1.7519073618584151,1.7092286865219841,7.005938256945028,"Quinten, wind_gusts_10m:kmh_x",mlp_opt
2023-08-21 23:40:00+00:00,1.1777073182177482,-3.188829473024818,0.5644712999161324,-0.48221695163031236,1.9301689233955228,7.050339269791895,"Quinten, wind_gusts_10m:kmh_x",mlp_opt
2023-08-21 23:50:00+00:00,2.9041051892848007,-0.42486183296545776,0.8738019908331336,1.1176817823841587,1.3699424253966945,7.179436007234351,"Quinten, wind_gusts_10m:kmh_x",mlp_opt
2023-08-22 00:00:00+00:00,-1.7735526276094158,0.17974259851508734,-0.06028453114913848,-0.5513648534144889,0.869754935709814,7.405263462834383,"Quinten, wind_gusts_10m:kmh_x",mlp_opt
2023-08-22 00:10:00+00:00,1.0417421168414889,2.7174654036675703,1.9301492875950763,1.896452269368045,0.6845259918517076,7.6472819947913955,"Quinten, wind_gusts_10m:kmh_x",mlp_opt
2023-08-22 00:20:00+00:00,3.092717280712879,2.3186350280442833,0.695709690617665,2.0356873331249425,0.9988179331218286,7.697128470162344,"Quinten, wind_gusts_10m:kmh_x",mlp_opt
2023-08-22 00:30:00+00:00,5.510948826249956,0.7240416370323732,3.014782450227588,3.0832576378366396,1.954846413069207,7.934361815479028,"Quinten, wind_gusts_10m:kmh_x",mlp_opt
2023-08-22 00:40:00+00:00,3.6994516400782715,2.6099857275041796,4.1279605292142305,3.4791326322655607,0.6389925526740512,8.03152763740742,"Quinten, wind_gusts_10m:kmh_x",mlp_opt
2023-08-21 21:50:00+00:00,2.653916228184751,2.400846396553638,2.9436451299737585,2.6661359182373823,0.22176505115302927,2.012591890749348,"Quinten, wind_gusts_10m:kmh_y",mlp_opt
2023-08-21 22:00:00+00:00,2.831274963982094,2.562398949288785,3.107213509232237,2.833629140834372,0.22242584201344234,2.1651515916174877,"Quinten, wind_gusts_10m:kmh_y",mlp_opt
2023-08-21 22:10:00+00:00,2.9099302050464546,2.2872600879441016,2.3579068357164514,2.5183657095690024,0.27837601229462544,2.251181763668835,"Quinten, wind_gusts_10m:kmh_y",mlp_opt
2023-08-21 22:20:00+00:00,1.773431668964227,3.1054783377220607,2.6495180275604593,2.5094760114155825,0.5527482287935752,2.3160040069536203,"Quinten, wind_gusts_10m:kmh_y",mlp_opt
2023-08-21 22:30:00+00:00,1.924484040769774,2.1303956968685496,2.518421014555835,2.191100250731386,0.24624386875927215,2.3865059516714258,"Quinten, wind_gusts_10m:kmh_y",mlp_opt
2023-08-21 22:40:00+00:00,2.7013613076780447,2.545407079835975,2.4408985872169437,2.562555658243655,0.10702262219908665,2.393660368379102,"Quinten, wind_gusts_10m:kmh_y",mlp_opt
2023-08-21 22:50:00+00:00,3.092159519876341,3.3856322446110085,3.149178627351876,3.2089901306130755,0.12705542617973414,2.4014281056931104,"Quinten, wind_gusts_10m:kmh_y",mlp_opt
2023-08-21 23:00:00+00:00,4.031425037156502,1.8446184338937237,1.9053268800963854,2.5937901170488704,1.0168634787078492,2.443819895558689,"Quinten, wind_gusts_10m:kmh_y",mlp_opt
2023-08-21 23:10:00+00:00,2.8312676747821404,3.0835317159864797,2.5989396985030533,2.8379130297572246,0.1978896601799818,2.470761479373208,"Quinten, wind_gusts_10m:kmh_y",mlp_opt
2023-08-21 23:20:00+00:00,2.4366278094177374,1.6722397791016088,2.3855511276680668,2.164806238729138,0.34892071183115303,2.4890942798085534,"Quinten, wind_gusts_10m:kmh_y",mlp_opt
2023-08-21 23:30:00+00:00,2.00835436234414,2.447849995434363,2.3836824913245755,2.2799622830343598,0.1938341457400601,2.4982851000130606,"Quinten, wind_gusts_10m:kmh_y",mlp_opt
2023-08-21 23:40:00+00:00,2.8574028808473373,3.297888911675604,2.8953169694922223,3.016869587338388,0.19931259371090448,2.5198248309813462,"Quinten, wind_gusts_10m:kmh_y",mlp_opt
2023-08-21 23:50:00+00:00,2.31950164488036,1.3126561911023624,3.136574580279312,2.2562441387540115,0.7459538442627012,2.5363544081993967,"Quinten, wind_gusts_10m:kmh_y",mlp_opt
2023-08-22 00:00:00+00:00,1.6972892467184622,2.967978432669897,2.326551081198888,2.330606253529082,0.518764612735841,2.55825769107749,"Quinten, wind_gusts_10m:kmh_y",mlp_opt
2023-08-22 00:10:00+00:00,2.725443503070691,2.1316197363465474,2.437267712284707,2.431443650567315,0.24246251428867455,2.5588275601271717,"Quinten, wind_gusts_10m:kmh_y",mlp_opt
2023-08-22 00:20:00+00:00,2.178321574187001,1.3646054343956133,2.27126581636087,1.9380642749811614,0.40726808486352867,2.6047059280893947,"Quinten, wind_gusts_10m:kmh_y",mlp_opt
2023-08-22 00:30:00+00:00,2.989141240903714,2.6655606806489978,2.5478777634796095,2.734193228344107,0.18656756431106375,2.575930305508586,"Quinten, wind_gusts_10m:kmh_y",mlp_opt
2023-08-22 00:40:00+00:00,2.1562173315546493,1.9121627657506148,1.9215780655645778,1.9966527209566138,0.1128946726942823,2.5983808058427775,"Quinten, wind_gusts_10m:kmh_y",mlp_opt
2023-08-21 21:50:00+00:00,0.6789716745154013,0.46870452794963596,0.47015909430830655,0.5392784322577813,0.09877982381761144,3.7530451442940334,"Quinten, wind_gusts_10m:kmh_x",rf
2023-08-21 22:00:00+00:00,0.7875593651568671,1.1255493434533936,0.9298821148921732,0.9476636078341446,0.13855550626771845,4.54628592242899,"Quinten, wind_gusts_10m:kmh_x",rf
2023-08-21 22:10:00+00:00,0.9368554207969358,1.311323630405413,1.0518398392709813,1.1000062968244435,0.15662399928231877,5.071941820263599,"Quinten, wind_gusts_10m:kmh_x",rf
2023-08-21 22:20:00+00:00,1.6182053986584795,1.545870408709948,1.6438585211399268,1.6026447761694513,0.04148909313367453,5.44474069449318,"Quinten, wind_gusts_10m:kmh_x",rf
2023-08-21 22:30:00+00:00,1.4471806965307576,1.4668713006496952,1.3822436240789508,1.4320985404198012,0.03615765926381363,5.755329556796961,"Quinten, wind_gusts_10m:kmh_x",rf
2023-08-21 22:40:00+00:00,2.191190317774449,2.180714243713597,1.652361758538214,2.0080887733420867,0.2515733409669211,6.004620557558848,"Quinten, wind_gusts_10m:kmh_x",rf
2023-08-21 22:50:00+00:00,1.991999804576325,2.2216408648903014,1.9316116714503913,2.0484174469723393,0.12494384349777468,6.260574740890579,"Quinten, wind_gusts_10m:kmh_x",rf
2023-08-21 23:00:00+00:00,2.0086495221993417,2.131633869183897,1.8341683014328212,1.9914838976053533,0.12204489611107273,6.466340317820567,"Quinten, wind_gusts_10m:kmh_x",rf
2023-08-21 23:10:00+00:00,1.9990158527930455,2.20984332758982,2.1083405638235555,2.105733248068807,0.08608969974733663,6.628006021528395,"Quinten, wind_gusts_10m:kmh_x",rf
2023-08-21 23:20:00+00:00,2.070734494488742,2.1162248914320774,2.3065271417667086,2.1644955092291758,0.10213416840761662,6.781841319670144,"Quinten, wind_gusts_10m:kmh_x",rf
2023-08-21 23:30:00+00:00,1.9928097432924108,2.3270865523097592,2.2424370357543237,2.187444443785498,0.14189992985737646,6.917788206960787,"Quinten, wind_gusts_10m:kmh_x",rf
2023-08-21 23:40:00+00:00,2.119838251687198,2.195368752495417,1.8819842598052332,2.0657304213292824,0.1335370186981913,7.063001654611733,"Quinten, wind_gusts_10m:kmh_x",rf
2023-08-21 23:50:00+00:00,2.0702859100039603,1.9544394203504845,1.9080008004749298,1.9775753769431248,0.06824255055464426,7.161445841769925,"Quinten, wind_gusts_10m:kmh_x",rf
2023-08-22 00:00:00+00:00,2.2952385134684774,2.3041608772416806,2.032589700230409,2.210663030313522,0.12596953417127604,7.2910783694436665,"Quinten, wind_gusts_10m:kmh_x",rf
2023-08-22 00:10:00+00:00,2.107448822430645,2.23727882883625,2.311630496241596,2.218786049169497,0.08437624529416907,7.370306667983229,"Quinten, wind_gusts_10m:kmh_x",rf
2023-08-22 00:20:00+00:00,2.273226217606898,2.020540887899209,1.922238405255344,2.072001836920484,0.14783838712247033,7.485438282885117,"Quinten, wind_gusts_10m:kmh_x",rf
2023-08-22 00:30:00+00:00,1.8741788068477958,1.9575310500470748,2.162538192507191,1.9980826831340206,0.12116410368856413,7.592293763464809,"Quinten, wind_gusts_10m:kmh_x",rf
2023-08-22 00:40:00+00:00,2.0324418691731845,2.070436030008151,2.0220297223696124,2.041635873850316,0.020803684710511368,7.681230917730428,"Quinten, wind_gusts_10m:kmh_x",rf
2023-08-21 21:50:00+00:00,2.2167079261952276,2.3182934633027017,2.271847394798787,2.2689495947655725,0.041522710822937,2.010571983640069,"Quinten, wind_gusts_10m:kmh_y",rf
2023-08-21 22:00:00+00:00,2.3197413555847084,2.1454186918115163,2.179645363426328,2.2149351369408508,0.0754149581196157,2.1625701911269313,"Quinten, wind_gusts_10m:kmh_y",rf
2023-08-21 22:10:00+00:00,2.706362340114338,2.5152992661903335,2.352543513290443,2.524735039865038,0.1445999444960464,2.2349716544295473,"Quinten, wind_gusts_10m:kmh_y",rf
2023-08-21 22:20:00+00:00,2.5400937166713886,2.33887627598988,2.3171954773107712,2.398721823324013,0.10035611069023906,2.299295595939139,"Quinten, wind_gusts_10m:kmh_y",rf
2023-08-21 22:30:00+00:00,2.8919945257624167,2.617181230338333,2.4896102232639508,2.6662619931215663,0.16789872479331558,2.3452708144266468,"Quinten, wind_gusts_10m:kmh_y",rf
2023-08-21 22:40:00+00:00,2.654671078325486,2.376930669800364,2.3361781929773127,2.4559266470343872,0.14151490573721667,2.3767620797213325,"Quinten, wind_gusts_10m:kmh_y",rf
2023-08-21 22:50:00+00:00,2.948881068496118,2.657824941247376,2.8117087755558567,2.8061382617664505,0.11888843585526589,2.4048085393105256,"Quinten, wind_gusts_10m:kmh_y",rf
2023-08-21 23:00:00+00:00,2.5981065016338456,2.548301238662032,3.148705816939077,2.765037852411652,0.272055106315352,2.4307012415448,"Quinten, wind_gusts_10m:kmh_y",rf
2023-08-21 23:10:00+00:00,2.9709582910972054,3.44053003987477,2.8016019745409744,3.07103010183765,0.2702690556296944,2.439298634696121,"Quinten, wind_gusts_10m:kmh_y",rf
2023-08-21 23:20:00+00:00,3.1220619103573077,2.7448640840514527,3.285639796870702,3.050855263759821,0.22643966493459336,2.4587641370490587,"Quinten, wind_gusts_10m:kmh_y",rf
2023-08-21 23:30:00+00:00,3.13840054919512,3.3381909153050264,2.9200947739456735,3.132228746148607,0.170742816773315,2.479632225912001,"Quinten, wind_gusts_10m:kmh_y",rf
2023-08-21 23:40:00+00:00,3.489187567669493,3.220604530230149,3.3319424272045888,3.3472448417014107,0.11018116873921915,2.491331143459805,"Quinten, wind_gusts_10m:kmh_y",rf
2023-08-21 23:50:00+00:00,3.364476450991771,2.960762159389322,3.162668424805644,3.162635678395579,0.16481567100908473,2.498174771041276,"Quinten, wind_gusts_10m:kmh_y",rf
2023-08-22 00:00:00+00:00,3.371711383591105,3.018654125701711,3.1842495767039223,3.1915383619989126,0.14422713944886117,2.5207166616113086,"Quinten, wind_gusts_10m:kmh_y",rf
2023-08-22 00:10:00+00:00,3.068684097243181,3.9563747953490003,3.6272986187300056,3.5507858371073957,0.3664144722302156,2.5413779538777725,"Quinten, wind_gusts_10m:kmh_y",rf
2023-08-22 00:20:00+00:00,3.9715320474226203,3.6219559418830287,4.155439360129559,3.9163091164784025,0.2212665337890829,2.538162980436746,"Quinten, wind_gusts_10m:kmh_y",rf
2023-08-22 00:30:00+00:00,3.7382377120626886,3.5705767939804574,3.743499259405206,3.684104588482784,0.08030500633431382,2.541352071715861,"Quinten, wind_gusts_10m:kmh_y",rf
2023-08-22 00:40:00+00:00,3.3863055015658707,3.7588916439871043,3.1904507407536005,3.4452159621021923,0.2357740399728541,2.5289601989468804,"Quinten, wind_gusts_10m:kmh_y",rf
